cRIO Slot,Device Type,,,,,,,,,,,,,,,,
1,9476,,,,,,,,,,,,,,,,
2,9203,,,,,,,,,,,,,,,,
3,9203,,,,,,,,,,,,,,,,
4,9264,,,,,,,,,,,,,,,,
5,9205,,,,,,,,,,,,,,,,
6,9205,,,,,,,,,,,,Scal Offset * ((MaxVal - MinVal)/(MaxOut-MinOut)) * (raw_val - min_out) + Lin Offset,,,,
7,9205,,,,,,,,,,,,,,,,
8,9213,,,,,,,,,,,,,,,,
,,,,,,,,,,,,,,,,,
P&ID Name,DAQ Input,NI Channel,Device,V/C,MinOut,MaxOut,Terminal Config,"MinVal (Pressure, force, etc.)",MaxVal,Units,Lin Offset,Scal Offset,,,,,
,AI 01,,NC,,,,,,,,,,,,,,
,AI 02,,NC,,,,,,,,,,,,,,
,AI 03,,NC,,,,,,,,,,,,,,
,AI 04,,NC,,,,,,,,,,,,,,
,AI 05,,NC,,,,,,,,,,,,,,
,AI 06,,NC,,,,,,,,,,,,,,
,AI 07,,NC,,,,,,,,,,,,,,
,AI 08,,NC,,,,,,,,,,,,,,
,AI 09,,NC,,,,,,,,,,,,,,
,AI 10,,NC,,,,,,,,,,,,,,21.63/
,AI 11,,NC,,,,,,,,,,,,,,
,AI 12,,NC,,,,,,,,,,,,,,
,AI 13,,NC,,,,,,,,,,,,,,
,AI 14,,NC,,,,,,,,,,,,,,
,AI 15,,NC,,,,,,,,,,,,,,
,AI 16 ,,NC,,,,,,,,,,,,,,
,AI 17 ,,NC,,,,,,,,,,,,,,
,AI 18,,NC,,,,,,,,,,,,,,
,AI 19 ,,NC,,,,,,,,,,,,,,
,AI 20 ,,NC,,,,,,,,,,,,,,
PT_N2_01,AI 21 ,NI9205_2_02,Ashcroft KM41,V,1,6,NRSE,0,7000,PoundsPerSquareInch,30,1,"1 24 pos, 2 signal, 4 24 neg",,,,
PT_N2_03,AI 22 ,NI9205_2_03,Ashcroft KM41,V,1,6,NRSE,0,7000,PoundsPerSquareInch,10,1,"1 24 pos, 2 signal, 4 24 neg",,,,
PT_N2_04,AI 23,NI9205_2_05,Ashcroft KM41,V,1,6,NRSE,0,7000,PoundsPerSquareInch,32,1,"1 24 pos, 2 signal, 4 24 neg",,,,
PT_N2_23,AI 24,NI9205_2_21,Ashcroft KM41,V,1,6,NRSE,0,7000,PoundsPerSquareInch,34,1,"1 24 pos, 2 signal, 4 24 neg",,,,
PT_N2_12_2,AI 25,NI9203_2_00,Wika,C,4,20,,0,1500,PoundsPerSquareInch,375,1,"1 24 pos, 3 signal ",,,,
PT_FU_02,AI 26,NI9203_1_05,MMSG1.5K,C,4,20,,0,1500,PoundsPerSquareInch,-6,1,"1 24+, 4 signal",,,,
PT_GO2_01,AI 27,NI9205_2_04,Ashcroft KM41,V,1,6,NRSE,0,7000,PoundsPerSquareInch,0,1,"1 24 pos, 2 signal, 4 24 neg",,,,
PT_GO2_02,AI 28,NI9205_2_07,Ashcroft KM41,V,1,6,NRSE,0,7000,PoundsPerSquareInch,4,1,"1 24 pos, 2 signal, 4 24 neg",,,,
PT_H2_01,AI 29,NI9205_2_00,Ashcroft KM41,V,1,6,NRSE,0,7000,PoundsPerSquareInch,-2,1,"1 24 pos. 2 signal, 4 24 neg",,,,
PT_H2_02,AI 30,NI9205_2_20,Ashcroft KM41,V,1,6,NRSE,0,7000,PoundsPerSquareInch,2,1,"1 24 pos, 2 signal, 4 24 neg",,,,
PT_GO2_04_2,AI 31,NI9205_2_06,MMSG2.5K,V,0,5,NRSE,0,2500,PoundsPerSquareInch,8,1,"1 24 pos, 3 signal, 4 24 neg",,,,
PT_FU_05,AI 32,NI9205_2_18,PCB,V,0,5,NRSE,0,1000,PoundsPerSquareInch,-1,1,"1 24 pos, 2 signal,3 24 neg",NEED TO SEE PCB SPEC SHEET,,,
PT_FU_06,AI 33,NI9205_2_17,PCB,V,0,5,NRSE,0,1000,PoundsPerSquareInch,-0.5,1,"1 24 pos, 2 signal, 3 neg",NEED TO SEE PCB SPEC SHEET,,,
PT_N2_05,AI 34,NI9203_1_04,Ashcroft A4SB,C,4,20,,0,5000,PoundsPerSquareInch,-15,1,"1 24 pos, 4 signal",,,,
PT_N2_08,AI 35,NI9203_2_05,Ashcroft A4SB,C,4,20,,0,5000,PoundsPerSquareInch,-8,1,"1 24 pos, 4 signal",,,,
PT_H2_03,AI 36,NI9203_2_01,GT2250,C,4,20,,0,1500,PoundsPerSquareInch,-30,1,"1 24 pos, 4 signal ",,,,
PT_GO2_03_2,AI 37,NI9203_1_06,MMSG1.5K,C,4,20,,0,1500,PoundsPerSquareInch,0,1,"1 24+, 4 signal",,,,
NC_PT,AI 38,NI9205_2_01,MMSG1.5K,V,0,10,NRSE,0,1500,PoundsPerSquareInch,0,1,"1 24+, 4 signal",,,,
NC,AI 39,NI9205_3_05,ST1500,V,0,10,Diff,0,10000,PoundsPerSquareInch,-5,1,"1 12 pos, 2 signal+, 3 signal-, 4 12 neg",May be 24V (Thanks),,,
,AI 40,NI9205_2_16,NC,V,0,5,NRSE,,,PoundsPerSquareInch,0,1,"1 24 pos, 3 signal, 4 24 neg",,Swapped to 1.5k MMSG?,,
PT_N2_15,AI 41,NI9203_2_02,GP50,C,4,20,,0,300,PoundsPerSquareInch,75,1,"1 24 pos, 4 signal",,,,
PT_N2_16,AI 42,NI9203_2_03,GP50,C,4,20,,0,300,PoundsPerSquareInch,75,1,"1 24 pos, 4 signal",,,,
PT_N2_17,AI 43,NI9203_2_07,GP50,C,4,20,,0,300,PoundsPerSquareInch,74.99,1,"1 24 pos, 4 signal",,,,
PT_N2_19,AI 44,NI9203_1_01,GP50,C,4,20,,0,300,PoundsPerSquareInch,75,1,"1 24 pos, 4 signal",,,,
,AI 45,,NC,C,4,20,,,,PoundsPerSquareInch,0,1,"1 24 pos, 4 signal",,Swapped to 1.5k MMSG?,,
PT_FU_01_1,AI 46,NI9203_1_02,ST1550,C,4,20,,0,2000,PoundsPerSquareInch,500,1,"1 24 pos, 4 signal",SPEC SHEET?,,,
PT_FU_01_2,AI 47,NI9203_2_06,ST1550,C,4,20,,0,2000,PoundsPerSquareInch,499.9,1,"1 24 pos, 4 signal",SPEC SHEET?,,,
PT_LO2_03,AI 48,NI9205_3_01,druck,V,0,10,Diff,0,507.6,PoundsPerSquareInch,-0.5,1,"1 12 pos, 2 signal+, 3 signal-, 4 12 neg,",,,,
PT_LO2_04,AI 49,NI9205_3_02,druck,V,0,10,Diff,0,507.6,PoundsPerSquareInch,-0.5,1,"1 12 pos, 2 signal+, 3 signal-, 4 12 neg ",,,,
PT_TI_01,AI 50,NI9205_3_00,druck,V,0,10,Diff,0,507.6,PoundsPerSquareInch,-21.474,1,"1 12 pos, 2 signal+, 3 signal-, 4 12 neg",,,,
PT_GG_02,AI 51,NI9205_1_22,Kulite,V,0,0.075,Diff,0,1000,PoundsPerSquareInch,-830,1,"1 12 pos, 2 signal+, 3 signal-, 4 12 neg",Need to wire kulite,,,
PT_GG_01,AI 52,NI9205_3_04,druck,V,0,10,Diff,0,507.6,PoundsPerSquareInch,-21.47,1,"1 12 pos, 2 signal+, 3 signal-, 4 12 neg",,,,
PT_FU_04,AI 53,NI9205_3_03,druck,V,0,10,Diff,0,507.6,PoundsPerSquareInch,-21.47,1,"1 12 pos, 2 signal+, 3 signal-, 4 12 neg",,,,
PT_LO2_05,AI 54,NI9203_1_03,MMSG1.5K,C,4,20,,0,1500,PoundsPerSquareInch,375,1,"1 24+, 4 signal",,,,
PT_GO2_05,AI 55,NI9203_2_04,MMSG1.5K,C,4,20,,0,1500,PoundsPerSquareInch,-8,1,"1 24+, 4 signal",Sinking not sourcing,,,
Accel_AI,AI,NI9205_3_06,Accel AI,V,1.5,3.5,Diff,-100,100,g,120,1,,,,,
PT_N2_06,AI,NI9203_1_07,MMSG1.5k,C,4,20,,0,1500,PoundsPerSquareInch,375.05,1,EREG PT,,,,
PT_GO2_03_1,AI,NI9203_1_00,MMSG1.5k,C,4,20,,0,1500,PoundsPerSquareInch,375,1,EREG PT,,,,
,,,,,,,,,,,,,,,,,
TC_LO2_03,TC 1,NI9213_1_15,,V,,,,,,,,,,,,,
TC_GO2_04_1,TC 2,NI9213_1_00,,V,,,,,,,,,,,,,
TC_GO2_04_2,TC 3,NI9213_1_01,,V,,,,,,,,,,,,,
TC_FU_01,TC 4,NI9213_1_02,,V,,,,,,,,,,,,,
TC_GO2_05,TC 5,NI9213_1_03,,V,,,,,,,,,,,,,
TC_H2_03,TC 6,NI9213_1_04,,V,,,,,,,,,,,,,
TC_FU_02,TC 7,NI9213_1_05,,V,,,,,,,,,,,,,
TC_LO2_04,TC 8,NI9213_1_06,,V,,,,,,,,,,,,,
TC_GG_01,TC 9,NI9213_1_07,,V,,,,,,,,,,,,,
TC_FU_04,TC 10,NI9213_1_08,,V,,,,,,,,,,,,,
TC_FU_05,TC 11,NI9213_1_09,,V,,,,,,,,,,,,,
TC_N2_12_1,TC 12,NI9213_1_10,,V,,,,,,,,,,,,,
TC_LO2_05,TC 13,NI9213_1_11,,V,,,,,,,,,,,,,
TC_LO2_07,TC 14,NI9213_1_12,,V,,,,,,,,,,,,,
,TC 15,NI9213_1_13,NC,,,,,,,,,,,,,,
,TC 16,NI9213_1_14,NC,,,,,,,,,,,,,,
,,,,,,,,,,,,,,,,,
ER_N2_07,AO 1,NI9264_1_00,E-reg,V,0,10,,0,1500,PoundsPerSquareInch,0,1,"1 24+, 2 signal, 3 Command, 4 24-",,,,
NC_ER,AO 2,NI9264_1_01,E-reg,V,0,10,,0,1500,PoundsPerSquareInch,0,1,"1 24+, 2 signal, 3 Command, 4 24-",,,,
Accel,AO 3,NI9264_1_03,Accelerometer,V,0,5,,0,5,Volts,0,1,"1 5+, 2 sig, 3 5-, 4 5-,",,,,
,,,,,,,,,,,,,,,,,
PV_N2_17,DO 1 ,NI9476_1_24,US Solid,"1 24 pos, 2 24 neg",,,,,,,,,"inverted wiring, fix line",,,,
PV_N2_18,DO 2,NI9476_1_17,US Solid,"1 24 pos, 2 24 neg",,,,,,,,,"inverted wiring, fix line",,,,
PV_N2_19,DO 3,NI9476_1_23,US Solid,"1 24 pos, 2 24 neg",,,,,,,,,"inverted wiring, fix line",,,,
PV_LO2_03,DO 4,NI9476_1_13,US Solid,"1 24 pos, 2 24 neg",,,,,,,,,"inverted wiring, fix line",,,,
PV_LO2_05,DO 5,NI9476_1_03,US Solid,"1 24 pos, 2 24 neg",,,,,,,,,"inverted wiring, fix line",,,,
PV_LO2_01,DO 6,NI9476_1_14,US Solid,"1 24 pos, 2 24 neg",,,,,,,,,"inverted wiring, fix line",,,,
PV_GO2_04,DO 7,NI9476_1_16,US Solid,"1 24 pos, 2 24 neg",,,,,,,,,"inverted wiring, fix line",,,,
PV_FU_02,DO 8,NI9476_1_19,US Solid,"1 24 pos, 2 24 neg",,,,,,,,,"inverted wiring, fix line",,,,
PV_FU_04,DO 9,NI9476_1_12,US Solid,"1 24 pos, 2 24 neg",,,,,,,,,"inverted wiring, fix line",,,,
PV_LO2_04,DO 10,NI9476_1_21,US Solid,"1 24 pos, 2 24 neg",,,,,,,,,"inverted wiring, fix line",,,,
SN_N2_08,DO 11,NI9476_1_22,Marotta,"1 24 pos, 3 24 neg",,,,,,,,,,,,,
SN_N2_09,DO 12,NI9476_1_15,Marotta,"1 24 pos, 3 24 neg",,,,,,,,,,,,,
SN_GO2_05,DO 13,NI9476_1_18,Marotta,"1 24 pos, 3 24 neg",,,,,,,,,,,,,
SN_H2_03,DO 14,NI9476_1_20,Marotta,"1 24 pos, 3 24 neg",,,,,,,,,,,,,
SN_N2_20,DO 15,NI9476_1_06,Magnatrol,"1 120 pos, 3 120 neg",,,,,,,,,,,,,
SN_N2_13,DO 16,NI9476_1_05,ASCO,"1 120 pos, 3 120 neg",,,,,,,,,,,,,
SN_N2_22,DO 17,NI9476_1_04,ASCO,"1 120 pos, 3 120 neg",,,,,,,,,,,,,
SN_N2_10_1,DO 18,NI9476_1_07,Peter Paul EH22,"1 12 pos, 3 12 neg",,,,,,,,,,,,,
SN_N2_10_2,DO 19,NI9476_1_09,Peter Paul EH22,"1 12 pos, 3 12 neg",,,,,,,,,,,,,
SN_CO2_01,DO 20,NI9476_1_08,Peter Paul EH22,"1 12 pos, 3 12 neg",,,,,,,,,,,,,
SN_N2_11,DO 21,NI9476_1_11,Peter Paul H22,"1 24 pos, 3 24 neg",,,,,,,,,,,,,
SN_N2_12,DO 22,NI9476_1_10,Peter Paul 122,"1 24 pos, 3 24 neg",,,,,,,,,,,,,
Spark_Plug,DO 23,NI9476_1_02,Spark Plug,"1 12+, 3 12- neg",,,,,,,,,,,,,