TC_LO2_03,TC_GO2_04_1,TC_GO2_04_2,TC_FU_01,TC_GO2_05,TC_H2_03,TC_FU_02,TC_LO2_04,TC_GG_01,TC_FU_04,TC_FU_05,TC_N2_12_1,TC_LO2_05,TC_LO2_07
2296.536376953125,21.87201690673828,2296.536376953125,2296.536376953125,2296.536376953125,2296.536376953125,2296.536376953125,24.50533103942871,2296.536376953125,2296.536376953125,2296.536376953125,2296.536376953125,2296.536376953125,2296.536376953125
2296.60986328125,21.901588439941406,2296.60986328125,2296.60986328125,2296.60986328125,2296.60986328125,2296.60986328125,24.501605987548828,2296.60986328125,2296.60986328125,2296.60986328125,2296.60986328125,2296.60986328125,2296.60986328125
2296.46728515625,21.800540924072266,2296.46728515625,2296.46728515625,2296.46728515625,2296.46728515625,2296.46728515625,24.503023147583008,2296.46728515625,2296.46728515625,2296.46728515625,2296.46728515625,2296.46728515625,2296.46728515625
2296.612548828125,21.84541893005371,2296.612548828125,2296.612548828125,2296.612548828125,2296.612548828125,2296.612548828125,24.51410484313965,2296.612548828125,2296.612548828125,2296.612548828125,2296.612548828125,2296.612548828125,2296.612548828125
2296.515625,21.867603302001953,2296.515625,2296.515625,2296.515625,2296.515625,2296.515625,24.537158966064453,2296.515625,2296.515625,2296.515625,2296.515625,2296.515625,2296.515625
2296.567626953125,21.851808547973633,2296.567626953125,2296.567626953125,2296.567626953125,2296.567626953125,2296.567626953125,24.457712173461914,2296.567626953125,2296.567626953125,2296.567626953125,2296.567626953125,2296.567626953125,2296.567626953125
2296.629150390625,21.932605743408203,2296.629150390625,2296.629150390625,2296.629150390625,2296.629150390625,2296.629150390625,24.495166778564453,2296.629150390625,2296.629150390625,2296.629150390625,2296.629150390625,2296.629150390625,2296.629150390625
2296.5234375,21.8647403717041,2296.5234375,2296.5234375,2296.5234375,2296.5234375,2296.5234375,24.515378952026367,2296.5234375,2296.5234375,2296.5234375,2296.5234375,2296.5234375,2296.5234375
2296.624755859375,21.901851654052734,2296.624755859375,2296.624755859375,2296.624755859375,2296.624755859375,2296.624755859375,24.568323135375977,2296.624755859375,2296.624755859375,2296.624755859375,2296.624755859375,2296.624755859375,2296.624755859375
2296.53662109375,21.940471649169922,2296.53662109375,2296.53662109375,2296.53662109375,2296.53662109375,2296.53662109375,24.477861404418945,2296.53662109375,2296.53662109375,2296.53662109375,2296.53662109375,2296.53662109375,2296.53662109375
2296.44140625,21.80624771118164,2296.44140625,2296.44140625,2296.44140625,2296.44140625,2296.44140625,24.412487030029297,2296.44140625,2296.44140625,2296.44140625,2296.44140625,2296.44140625,2296.44140625
2296.365234375,21.855098724365234,2296.365234375,2296.365234375,2296.365234375,2296.365234375,2296.365234375,24.414836883544922,2296.365234375,2296.365234375,2296.365234375,2296.365234375,2296.365234375,2296.365234375
2296.54296875,21.86109161376953,2296.54296875,2296.54296875,2296.54296875,2296.54296875,2296.54296875,24.577503204345703,2296.54296875,2296.54296875,2296.54296875,2296.54296875,2296.54296875,2296.54296875
2296.4462890625,21.79323387145996,2296.4462890625,2296.4462890625,2296.4462890625,2296.4462890625,2296.4462890625,24.399272918701172,2296.4462890625,2296.4462890625,2296.4462890625,2296.4462890625,2296.4462890625,2296.4462890625
2296.365234375,21.747188568115234,2296.365234375,2296.365234375,2296.365234375,2296.365234375,2296.365234375,24.378259658813477,2296.365234375,2296.365234375,2296.365234375,2296.365234375,2296.365234375,2296.365234375
2296.456298828125,21.81037139892578,2296.456298828125,2296.456298828125,2296.456298828125,2296.456298828125,2296.456298828125,24.47614097595215,2296.456298828125,2296.456298828125,2296.456298828125,2296.456298828125,2296.456298828125,2296.456298828125
2296.431640625,21.86615753173828,2296.431640625,2296.431640625,2296.431640625,2296.431640625,2296.431640625,24.46348762512207,2296.431640625,2296.431640625,2296.431640625,2296.431640625,2296.431640625,2296.431640625
2296.336181640625,21.739465713500977,2296.336181640625,2296.336181640625,2296.336181640625,2296.336181640625,2296.336181640625,24.396635055541992,2296.336181640625,2296.336181640625,2296.336181640625,2296.336181640625,2296.336181640625,2296.336181640625
2296.36083984375,21.783626556396484,2296.36083984375,2296.36083984375,2296.36083984375,2296.36083984375,2296.36083984375,24.444150924682617,2296.36083984375,2296.36083984375,2296.36083984375,2296.36083984375,2296.36083984375,2296.36083984375
2296.3525390625,21.697725296020508,2296.3525390625,2296.3525390625,2296.3525390625,2296.3525390625,2296.3525390625,24.399303436279297,2296.3525390625,2296.3525390625,2296.3525390625,2296.3525390625,2296.3525390625,2296.3525390625
2296.566162109375,21.709123611450195,2296.566162109375,2296.566162109375,2296.566162109375,2296.566162109375,2296.566162109375,24.47298240661621,2296.566162109375,2296.566162109375,2296.566162109375,2296.566162109375,2296.566162109375,2296.566162109375
2296.61376953125,21.889028549194336,2296.61376953125,2296.61376953125,2296.61376953125,2296.61376953125,2296.61376953125,24.5806827545166,2296.61376953125,2296.61376953125,2296.61376953125,2296.61376953125,2296.61376953125,2296.61376953125
2296.555419921875,21.819610595703125,2296.555419921875,2296.555419921875,2296.555419921875,2296.555419921875,2296.555419921875,24.47935676574707,2296.555419921875,2296.555419921875,2296.555419921875,2296.555419921875,2296.555419921875,2296.555419921875
2296.5205078125,21.81295394897461,2296.5205078125,2296.5205078125,2296.5205078125,2296.5205078125,2296.5205078125,24.574247360229492,2296.5205078125,2296.5205078125,2296.5205078125,2296.5205078125,2296.5205078125,2296.5205078125
2296.59521484375,21.919330596923828,2296.59521484375,2296.59521484375,2296.59521484375,2296.59521484375,2296.59521484375,24.528074264526367,2296.59521484375,2296.59521484375,2296.59521484375,2296.59521484375,2296.59521484375,2296.59521484375
2296.554443359375,21.860374450683594,2296.554443359375,2296.554443359375,2296.554443359375,2296.554443359375,2296.554443359375,24.483102798461914,2296.554443359375,2296.554443359375,2296.554443359375,2296.554443359375,2296.554443359375,2296.554443359375
2296.4404296875,21.819976806640625,2296.4404296875,2296.4404296875,2296.4404296875,2296.4404296875,2296.4404296875,24.48249053955078,2296.4404296875,2296.4404296875,2296.4404296875,2296.4404296875,2296.4404296875,2296.4404296875
2296.49658203125,21.846397399902344,2296.49658203125,2296.49658203125,2296.49658203125,2296.49658203125,2296.49658203125,24.472158432006836,2296.49658203125,2296.49658203125,2296.49658203125,2296.49658203125,2296.49658203125,2296.49658203125
2296.63427734375,21.929933547973633,2296.63427734375,2296.63427734375,2296.63427734375,2296.63427734375,2296.63427734375,24.549497604370117,2296.63427734375,2296.63427734375,2296.63427734375,2296.63427734375,2296.63427734375,2296.63427734375
2296.54638671875,21.82122802734375,2296.54638671875,2296.54638671875,2296.54638671875,2296.54638671875,2296.54638671875,24.459508895874023,2296.54638671875,2296.54638671875,2296.54638671875,2296.54638671875,2296.54638671875,2296.54638671875
2296.50634765625,21.82254409790039,2296.50634765625,2296.50634765625,2296.50634765625,2296.50634765625,2296.50634765625,24.514591217041016,2296.50634765625,2296.50634765625,2296.50634765625,2296.50634765625,2296.50634765625,2296.50634765625
2296.5029296875,21.76874542236328,2296.5029296875,2296.5029296875,2296.5029296875,2296.5029296875,2296.5029296875,24.49876594543457,2296.5029296875,2296.5029296875,2296.5029296875,2296.5029296875,2296.5029296875,2296.5029296875
2296.517822265625,21.852027893066406,2296.517822265625,2296.517822265625,2296.517822265625,2296.517822265625,2296.517822265625,24.436006546020508,2296.517822265625,2296.517822265625,2296.517822265625,2296.517822265625,2296.517822265625,2296.517822265625
2296.650634765625,21.86574935913086,2296.650634765625,2296.650634765625,2296.650634765625,2296.650634765625,2296.650634765625,24.527923583984375,2296.650634765625,2296.650634765625,2296.650634765625,2296.650634765625,2296.650634765625,2296.650634765625
2296.56591796875,21.92170524597168,2296.56591796875,2296.56591796875,2296.56591796875,2296.56591796875,2296.56591796875,24.590667724609375,2296.56591796875,2296.56591796875,2296.56591796875,2296.56591796875,2296.56591796875,2296.56591796875
2296.510986328125,21.898338317871094,2296.510986328125,2296.510986328125,2296.510986328125,2296.510986328125,2296.510986328125,24.46190071105957,2296.510986328125,2296.510986328125,2296.510986328125,2296.510986328125,2296.510986328125,2296.510986328125
2296.58251953125,21.911617279052734,2296.58251953125,2296.58251953125,2296.58251953125,2296.58251953125,2296.58251953125,24.54483985900879,2296.58251953125,2296.58251953125,2296.58251953125,2296.58251953125,2296.58251953125,2296.58251953125
2296.432861328125,21.66001319885254,2296.432861328125,2296.432861328125,2296.432861328125,2296.432861328125,2296.432861328125,24.31690788269043,2296.432861328125,2296.432861328125,2296.432861328125,2296.432861328125,2296.432861328125,2296.432861328125
2296.712158203125,21.911380767822266,2296.712158203125,2296.712158203125,2296.712158203125,2296.712158203125,2296.712158203125,24.497299194335938,2296.712158203125,2296.712158203125,2296.712158203125,2296.712158203125,2296.712158203125,2296.712158203125
2296.4794921875,21.83507537841797,2296.4794921875,2296.4794921875,2296.4794921875,2296.4794921875,2296.4794921875,24.36855125427246,2296.4794921875,2296.4794921875,2296.4794921875,2296.4794921875,2296.4794921875,2296.4794921875
2296.537109375,21.859949111938477,2296.537109375,2296.537109375,2296.537109375,2296.537109375,2296.537109375,24.505754470825195,2296.537109375,2296.537109375,2296.537109375,2296.537109375,2296.537109375,2296.537109375
2296.562744140625,21.82022476196289,2296.562744140625,2296.562744140625,2296.562744140625,2296.562744140625,2296.562744140625,24.464740753173828,2296.562744140625,2296.562744140625,2296.562744140625,2296.562744140625,2296.562744140625,2296.562744140625
2296.568359375,21.8681697845459,2296.568359375,2296.568359375,2296.568359375,2296.568359375,2296.568359375,24.563796997070312,2296.568359375,2296.568359375,2296.568359375,2296.568359375,2296.568359375,2296.568359375
2296.47412109375,21.781686782836914,2296.47412109375,2296.47412109375,2296.47412109375,2296.47412109375,2296.47412109375,24.379905700683594,2296.47412109375,2296.47412109375,2296.47412109375,2296.47412109375,2296.47412109375,2296.47412109375
2296.532958984375,21.7976016998291,2296.532958984375,2296.532958984375,2296.532958984375,2296.532958984375,2296.532958984375,24.46986198425293,2296.532958984375,2296.532958984375,2296.532958984375,2296.532958984375,2296.532958984375,2296.532958984375
2296.575927734375,21.96644401550293,2296.575927734375,2296.575927734375,2296.575927734375,2296.575927734375,2296.575927734375,24.441469192504883,2296.575927734375,2296.575927734375,2296.575927734375,2296.575927734375,2296.575927734375,2296.575927734375
2296.52783203125,21.820907592773438,2296.52783203125,2296.52783203125,2296.52783203125,2296.52783203125,2296.52783203125,24.49057388305664,2296.52783203125,2296.52783203125,2296.52783203125,2296.52783203125,2296.52783203125,2296.52783203125
2296.52978515625,21.844079971313477,2296.52978515625,2296.52978515625,2296.52978515625,2296.52978515625,2296.52978515625,24.502384185791016,2296.52978515625,2296.52978515625,2296.52978515625,2296.52978515625,2296.52978515625,2296.52978515625
2296.6025390625,21.832801818847656,2296.6025390625,2296.6025390625,2296.6025390625,2296.6025390625,2296.6025390625,24.45513343811035,2296.6025390625,2296.6025390625,2296.6025390625,2296.6025390625,2296.6025390625,2296.6025390625
2296.558349609375,21.876243591308594,2296.558349609375,2296.558349609375,2296.558349609375,2296.558349609375,2296.558349609375,24.584774017333984,2296.558349609375,2296.558349609375,2296.558349609375,2296.558349609375,2296.558349609375,2296.558349609375
2296.59033203125,21.873233795166016,2296.59033203125,2296.59033203125,2296.59033203125,2296.59033203125,2296.59033203125,24.600231170654297,2296.59033203125,2296.59033203125,2296.59033203125,2296.59033203125,2296.59033203125,2296.59033203125
2296.5361328125,21.845291137695312,2296.5361328125,2296.5361328125,2296.5361328125,2296.5361328125,2296.5361328125,24.430208206176758,2296.5361328125,2296.5361328125,2296.5361328125,2296.5361328125,2296.5361328125,2296.5361328125
2296.549560546875,21.887914657592773,2296.549560546875,2296.549560546875,2296.549560546875,2296.549560546875,2296.549560546875,24.483348846435547,2296.549560546875,2296.549560546875,2296.549560546875,2296.549560546875,2296.549560546875,2296.549560546875
2296.380615234375,21.847028732299805,2296.380615234375,2296.380615234375,2296.380615234375,2296.380615234375,2296.380615234375,24.416481018066406,2296.380615234375,2296.380615234375,2296.380615234375,2296.380615234375,2296.380615234375,2296.380615234375
2296.5478515625,21.780168533325195,2296.5478515625,2296.5478515625,2296.5478515625,2296.5478515625,2296.5478515625,24.520315170288086,2296.5478515625,2296.5478515625,2296.5478515625,2296.5478515625,2296.5478515625,2296.5478515625
2296.48291015625,21.840957641601562,2296.48291015625,2296.48291015625,2296.48291015625,2296.48291015625,2296.48291015625,24.44849967956543,2296.48291015625,2296.48291015625,2296.48291015625,2296.48291015625,2296.48291015625,2296.48291015625
2296.411865234375,21.74537467956543,2296.411865234375,2296.411865234375,2296.411865234375,2296.411865234375,2296.411865234375,24.433683395385742,2296.411865234375,2296.411865234375,2296.411865234375,2296.411865234375,2296.411865234375,2296.411865234375
2296.45263671875,21.781679153442383,2296.45263671875,2296.45263671875,2296.45263671875,2296.45263671875,2296.45263671875,24.390975952148438,2296.45263671875,2296.45263671875,2296.45263671875,2296.45263671875,2296.45263671875,2296.45263671875
2296.46728515625,21.902172088623047,2296.46728515625,2296.46728515625,2296.46728515625,2296.46728515625,2296.46728515625,24.42349624633789,2296.46728515625,2296.46728515625,2296.46728515625,2296.46728515625,2296.46728515625,2296.46728515625
2296.452880859375,21.84702491760254,2296.452880859375,2296.452880859375,2296.452880859375,2296.452880859375,2296.452880859375,24.383012771606445,2296.452880859375,2296.452880859375,2296.452880859375,2296.452880859375,2296.452880859375,2296.452880859375
2296.673828125,21.899675369262695,2296.673828125,2296.673828125,2296.673828125,2296.673828125,2296.673828125,24.6877498626709,2296.673828125,2296.673828125,2296.673828125,2296.673828125,2296.673828125,2296.673828125
2296.6220703125,21.766130447387695,2296.6220703125,2296.6220703125,2296.6220703125,2296.6220703125,2296.6220703125,24.510234832763672,2296.6220703125,2296.6220703125,2296.6220703125,2296.6220703125,2296.6220703125,2296.6220703125
2296.504638671875,21.756162643432617,2296.504638671875,2296.504638671875,2296.504638671875,2296.504638671875,2296.504638671875,24.461292266845703,2296.504638671875,2296.504638671875,2296.504638671875,2296.504638671875,2296.504638671875,2296.504638671875
2296.5458984375,21.9056453704834,2296.5458984375,2296.5458984375,2296.5458984375,2296.5458984375,2296.5458984375,24.421653747558594,2296.5458984375,2296.5458984375,2296.5458984375,2296.5458984375,2296.5458984375,2296.5458984375
2296.717529296875,22.057479858398438,2296.717529296875,2296.717529296875,2296.717529296875,2296.717529296875,2296.717529296875,24.540149688720703,2296.717529296875,2296.717529296875,2296.717529296875,2296.717529296875,2296.717529296875,2296.717529296875
2296.333251953125,21.773773193359375,2296.333251953125,2296.333251953125,2296.333251953125,2296.333251953125,2296.333251953125,24.35493278503418,2296.333251953125,2296.333251953125,2296.333251953125,2296.333251953125,2296.333251953125,2296.333251953125
2296.6025390625,21.916582107543945,2296.6025390625,2296.6025390625,2296.6025390625,2296.6025390625,2296.6025390625,24.526718139648438,2296.6025390625,2296.6025390625,2296.6025390625,2296.6025390625,2296.6025390625,2296.6025390625
2296.624755859375,21.91253089904785,2296.624755859375,2296.624755859375,2296.624755859375,2296.624755859375,2296.624755859375,24.488061904907227,2296.624755859375,2296.624755859375,2296.624755859375,2296.624755859375,2296.624755859375,2296.624755859375
2296.580810546875,21.82855796813965,2296.580810546875,2296.580810546875,2296.580810546875,2296.580810546875,2296.580810546875,24.491744995117188,2296.580810546875,2296.580810546875,2296.580810546875,2296.580810546875,2296.580810546875,2296.580810546875
2296.56005859375,21.87152862548828,2296.56005859375,2296.56005859375,2296.56005859375,2296.56005859375,2296.56005859375,24.477615356445312,2296.56005859375,2296.56005859375,2296.56005859375,2296.56005859375,2296.56005859375,2296.56005859375
2296.5185546875,21.876232147216797,2296.5185546875,2296.5185546875,2296.5185546875,2296.5185546875,2296.5185546875,24.491308212280273,2296.5185546875,2296.5185546875,2296.5185546875,2296.5185546875,2296.5185546875,2296.5185546875
2296.477294921875,21.823549270629883,2296.477294921875,2296.477294921875,2296.477294921875,2296.477294921875,2296.477294921875,24.41267204284668,2296.477294921875,2296.477294921875,2296.477294921875,2296.477294921875,2296.477294921875,2296.477294921875
2296.568603515625,21.847206115722656,2296.568603515625,2296.568603515625,2296.568603515625,2296.568603515625,2296.568603515625,24.51842498779297,2296.568603515625,2296.568603515625,2296.568603515625,2296.568603515625,2296.568603515625,2296.568603515625
2296.609375,21.85667610168457,2296.609375,2296.609375,2296.609375,2296.609375,2296.609375,24.41987419128418,2296.609375,2296.609375,2296.609375,2296.609375,2296.609375,2296.609375
2296.509765625,21.784549713134766,2296.509765625,2296.509765625,2296.509765625,2296.509765625,2296.509765625,24.445764541625977,2296.509765625,2296.509765625,2296.509765625,2296.509765625,2296.509765625,2296.509765625
2296.583740234375,21.85416030883789,2296.583740234375,2296.583740234375,2296.583740234375,2296.583740234375,2296.583740234375,24.559282302856445,2296.583740234375,2296.583740234375,2296.583740234375,2296.583740234375,2296.583740234375,2296.583740234375
2296.55419921875,21.898832321166992,2296.55419921875,2296.55419921875,2296.55419921875,2296.55419921875,2296.55419921875,24.437702178955078,2296.55419921875,2296.55419921875,2296.55419921875,2296.55419921875,2296.55419921875,2296.55419921875
2296.44384765625,21.914020538330078,2296.44384765625,2296.44384765625,2296.44384765625,2296.44384765625,2296.44384765625,24.39354705810547,2296.44384765625,2296.44384765625,2296.44384765625,2296.44384765625,2296.44384765625,2296.44384765625
2296.6259765625,21.83477783203125,2296.6259765625,2296.6259765625,2296.6259765625,2296.6259765625,2296.6259765625,24.625320434570312,2296.6259765625,2296.6259765625,2296.6259765625,2296.6259765625,2296.6259765625,2296.6259765625
2296.48974609375,21.868562698364258,2296.48974609375,2296.48974609375,2296.48974609375,2296.48974609375,2296.48974609375,24.489656448364258,2296.48974609375,2296.48974609375,2296.48974609375,2296.48974609375,2296.48974609375,2296.48974609375
2296.507080078125,21.840974807739258,2296.507080078125,2296.507080078125,2296.507080078125,2296.507080078125,2296.507080078125,24.482210159301758,2296.507080078125,2296.507080078125,2296.507080078125,2296.507080078125,2296.507080078125,2296.507080078125
2296.541015625,21.888139724731445,2296.541015625,2296.541015625,2296.541015625,2296.541015625,2296.541015625,24.472496032714844,2296.541015625,2296.541015625,2296.541015625,2296.541015625,2296.541015625,2296.541015625
2296.548095703125,21.872602462768555,2296.548095703125,2296.548095703125,2296.548095703125,2296.548095703125,2296.548095703125,24.46991729736328,2296.548095703125,2296.548095703125,2296.548095703125,2296.548095703125,2296.548095703125,2296.548095703125
2296.650390625,21.901172637939453,2296.650390625,2296.650390625,2296.650390625,2296.650390625,2296.650390625,24.58564567565918,2296.650390625,2296.650390625,2296.650390625,2296.650390625,2296.650390625,2296.650390625
2296.677490234375,21.92789077758789,2296.677490234375,2296.677490234375,2296.677490234375,2296.677490234375,2296.677490234375,24.52830696105957,2296.677490234375,2296.677490234375,2296.677490234375,2296.677490234375,2296.677490234375,2296.677490234375
2296.58203125,21.95591163635254,2296.58203125,2296.58203125,2296.58203125,2296.58203125,2296.58203125,24.524417877197266,2296.58203125,2296.58203125,2296.58203125,2296.58203125,2296.58203125,2296.58203125
2296.639404296875,21.96746253967285,2296.639404296875,2296.639404296875,2296.639404296875,2296.639404296875,2296.639404296875,24.603551864624023,2296.639404296875,2296.639404296875,2296.639404296875,2296.639404296875,2296.639404296875,2296.639404296875
2296.67822265625,21.884836196899414,2296.67822265625,2296.67822265625,2296.67822265625,2296.67822265625,2296.67822265625,24.58157730102539,2296.67822265625,2296.67822265625,2296.67822265625,2296.67822265625,2296.67822265625,2296.67822265625
2296.52685546875,21.817432403564453,2296.52685546875,2296.52685546875,2296.52685546875,2296.52685546875,2296.52685546875,24.55817985534668,2296.52685546875,2296.52685546875,2296.52685546875,2296.52685546875,2296.52685546875,2296.52685546875
2296.643798828125,21.87796974182129,2296.643798828125,2296.643798828125,2296.643798828125,2296.643798828125,2296.643798828125,24.526269912719727,2296.643798828125,2296.643798828125,2296.643798828125,2296.643798828125,2296.643798828125,2296.643798828125
2296.53857421875,21.815528869628906,2296.53857421875,2296.53857421875,2296.53857421875,2296.53857421875,2296.53857421875,24.551435470581055,2296.53857421875,2296.53857421875,2296.53857421875,2296.53857421875,2296.53857421875,2296.53857421875
2296.55517578125,21.826217651367188,2296.55517578125,2296.55517578125,2296.55517578125,2296.55517578125,2296.55517578125,24.488487243652344,2296.55517578125,2296.55517578125,2296.55517578125,2296.55517578125,2296.55517578125,2296.55517578125
2296.58642578125,21.947771072387695,2296.58642578125,2296.58642578125,2296.58642578125,2296.58642578125,2296.58642578125,24.589906692504883,2296.58642578125,2296.58642578125,2296.58642578125,2296.58642578125,2296.58642578125,2296.58642578125
2296.479736328125,21.821979522705078,2296.479736328125,2296.479736328125,2296.479736328125,2296.479736328125,2296.479736328125,24.37394905090332,2296.479736328125,2296.479736328125,2296.479736328125,2296.479736328125,2296.479736328125,2296.479736328125
2296.59326171875,21.90155601501465,2296.59326171875,2296.59326171875,2296.59326171875,2296.59326171875,2296.59326171875,24.521650314331055,2296.59326171875,2296.59326171875,2296.59326171875,2296.59326171875,2296.59326171875,2296.59326171875
2296.578857421875,21.926572799682617,2296.578857421875,2296.578857421875,2296.578857421875,2296.578857421875,2296.578857421875,24.48268699645996,2296.578857421875,2296.578857421875,2296.578857421875,2296.578857421875,2296.578857421875,2296.578857421875
2296.572021484375,21.759931564331055,2296.572021484375,2296.572021484375,2296.572021484375,2296.572021484375,2296.572021484375,24.510051727294922,2296.572021484375,2296.572021484375,2296.572021484375,2296.572021484375,2296.572021484375,2296.572021484375
2296.5107421875,21.811643600463867,2296.5107421875,2296.5107421875,2296.5107421875,2296.5107421875,2296.5107421875,24.499330520629883,2296.5107421875,2296.5107421875,2296.5107421875,2296.5107421875,2296.5107421875,2296.5107421875
2296.504638671875,21.899856567382812,2296.504638671875,2296.504638671875,2296.504638671875,2296.504638671875,2296.504638671875,24.4431095123291,2296.504638671875,2296.504638671875,2296.504638671875,2296.504638671875,2296.504638671875,2296.504638671875
2296.450927734375,21.819910049438477,2296.450927734375,2296.450927734375,2296.450927734375,2296.450927734375,2296.450927734375,24.41480827331543,2296.450927734375,2296.450927734375,2296.450927734375,2296.450927734375,2296.450927734375,2296.450927734375
2296.584716796875,21.85393524169922,2296.584716796875,2296.584716796875,2296.584716796875,2296.584716796875,2296.584716796875,24.478294372558594,2296.584716796875,2296.584716796875,2296.584716796875,2296.584716796875,2296.584716796875,2296.584716796875
2296.5595703125,21.90718650817871,2296.5595703125,2296.5595703125,2296.5595703125,2296.5595703125,2296.5595703125,24.469806671142578,2296.5595703125,2296.5595703125,2296.5595703125,2296.5595703125,2296.5595703125,2296.5595703125
2296.563720703125,21.864351272583008,2296.563720703125,2296.563720703125,2296.563720703125,2296.563720703125,2296.563720703125,24.462608337402344,2296.563720703125,2296.563720703125,2296.563720703125,2296.563720703125,2296.563720703125,2296.563720703125
2296.532958984375,21.86522674560547,2296.532958984375,2296.532958984375,2296.532958984375,2296.532958984375,2296.532958984375,24.514480590820312,2296.532958984375,2296.532958984375,2296.532958984375,2296.532958984375,2296.532958984375,2296.532958984375
2296.496826171875,21.724437713623047,2296.496826171875,2296.496826171875,2296.496826171875,2296.496826171875,2296.496826171875,24.505796432495117,2296.496826171875,2296.496826171875,2296.496826171875,2296.496826171875,2296.496826171875,2296.496826171875
2296.5673828125,21.999797821044922,2296.5673828125,2296.5673828125,2296.5673828125,2296.5673828125,2296.5673828125,24.515361785888672,2296.5673828125,2296.5673828125,2296.5673828125,2296.5673828125,2296.5673828125,2296.5673828125
2296.562255859375,21.894855499267578,2296.562255859375,2296.562255859375,2296.562255859375,2296.562255859375,2296.562255859375,24.39519500732422,2296.562255859375,2296.562255859375,2296.562255859375,2296.562255859375,2296.562255859375,2296.562255859375
2296.515380859375,21.855873107910156,2296.515380859375,2296.515380859375,2296.515380859375,2296.515380859375,2296.515380859375,24.48553466796875,2296.515380859375,2296.515380859375,2296.515380859375,2296.515380859375,2296.515380859375,2296.515380859375
2296.591064453125,21.853012084960938,2296.591064453125,2296.591064453125,2296.591064453125,2296.591064453125,2296.591064453125,24.527217864990234,2296.591064453125,2296.591064453125,2296.591064453125,2296.591064453125,2296.591064453125,2296.591064453125
2296.59619140625,21.88599395751953,2296.59619140625,2296.59619140625,2296.59619140625,2296.59619140625,2296.59619140625,24.519737243652344,2296.59619140625,2296.59619140625,2296.59619140625,2296.59619140625,2296.59619140625,2296.59619140625
